meeting_id,stream_id,conn_type,start_ts_s,end_ts_s,ip_src,tp_src,ip_dst,tp_dst,zoom_type,ssrc,start_rtp_ts,end_rtp_ts,pkts,bytes,audio_112_pkts,audio_99_pkts,audio_113_pkts
0,10,udp_srv,1683306002,1683306286,95.39.243.104,57866,144.195.198.32,8801,15,16780290,4315200,17961600,9263,2014178,0,0,9263
0,3,udp_srv,1683306002,1683306286,144.195.198.32,8801,95.39.243.104,57864,16,16778241,128765896,154343086,29750,33216874,0,0,0
0,4,udp_srv,1683306002,1683306286,95.39.243.104,57864,144.195.198.32,8801,16,16780289,1295939406,1321526856,14245,8994410,0,0,0
0,2,udp_srv,1683306002,1683306286,144.195.198.32,8801,95.39.243.104,57866,15,16778242,13395840,27036480,9050,2094787,0,0,9050
1,7,udp_srv,1683306002,1683306075,198.251.237.195,8801,95.39.201.236,46450,15,16890882,80583040,82919680,1780,468084,1307,473,0
1,13,udp_srv,1683306003,1683306075,198.251.237.195,8801,95.39.201.236,39273,13,16890883,1866367644,1872851244,152,98090,0,0,0
1,14,udp_srv,1683306034,1683306075,198.251.237.195,8801,95.39.201.236,46450,15,16893954,79931840,81220160,1577,419978,1567,10,0
1,15,udp_srv,1683306071,1683306075,198.251.237.195,8801,95.39.201.236,47148,16,16893953,1601260186,1601617306,215,223803,0,0,0
3,9,udp_srv,1683306002,1683306129,144.195.17.50,8801,95.39.222.211,53163,16,16778241,3393544852,3405015892,16274,18720105,0,0,0
3,8,udp_srv,1683306002,1683306129,95.39.222.211,53163,144.195.17.50,8801,16,16780289,4110000010,4121490940,13918,15081616,0,0,0
3,11,udp_srv,1683306002,1683306129,144.195.17.50,8801,95.39.222.211,61303,15,16778242,158940960,165053280,4647,1056332,0,0,4647
3,1,udp_srv,1683306002,1683306129,95.39.222.211,61303,144.195.17.50,8801,15,16780290,151803840,157931520,3460,686179,0,0,3460
4,17,udp_srv,1683306072,1683306665,144.195.200.111,8801,95.39.221.108,51078,15,16778242,1969920,30399360,20487,4785423,0,0,20487
4,16,udp_srv,1683306072,1683306666,95.39.221.108,51078,144.195.200.111,8801,15,16780290,960,28498560,13520,2625901,0,0,13520
4,20,udp_srv,1683306449,1683306666,144.195.200.111,8801,95.39.221.108,51078,15,16781314,14400,10451520,1924,276307,0,0,1924
5,18,udp_srv,1683306200,1683308589,95.39.200.242,63210,206.247.25.127,8801,16,16778241,665728152,3969263892,120086,74742905,0,0,0
5,19,udp_srv,1683306204,1683308589,206.247.25.127,8801,95.39.200.242,63210,16,16780289,1474404612,1689139482,130004,108346579,0,0,0
5,0,udp_srv,1683306002,1683309919,95.39.223.141,52931,144.195.162.101,8801,16,16780289,3324322548,3676903848,413304,446802484,0,0,0
5,6,udp_srv,1683306002,1683309918,144.195.162.101,8801,95.39.223.141,52931,16,16778241,3772791012,4125278622,445041,495431046,0,0,0
5,12,udp_srv,1683306002,1683309919,95.39.223.141,60917,144.195.162.101,8801,15,16780290,283200,188319360,142985,33526670,0,0,142985
5,5,udp_srv,1683306002,1683309918,144.195.162.101,8801,95.39.223.141,60917,15,16778242,1272000,189260160,109918,23898071,0,0,109918
5,0,udp_srv,1683306532,1683308288,95.39.200.242,63210,206.247.25.127,8801,16,16780289,1505839002,3512066958,11,440,0,0,0
6,21,udp_srv,1683306588,1683306959,206.247.61.21,8801,95.39.243.33,61363,16,16778241,2633228858,2666599778,32611,33959709,0,0,0
6,22,udp_srv,1683306589,1683306959,95.39.243.33,61365,206.247.61.21,8801,15,16779266,3840,17736960,10787,2349062,0,0,10787
6,23,udp_srv,1683306592,1683306959,95.39.243.33,61363,206.247.61.21,8801,16,16779265,2944438480,2977454080,41199,45132640,0,0,0
6,24,udp_srv,1683306594,1683306959,206.247.61.21,8801,95.39.243.33,61365,15,16778242,276240,17755920,9647,1974882,0,0,9647
7,27,udp_srv,1683307568,1683309496,144.195.22.61,8801,95.39.243.75,60442,16,16778241,1763025418,1936551808,196985,208330051,0,0,0
7,26,udp_srv,1683307568,1683309496,95.39.243.75,60442,144.195.22.61,8801,16,16780289,3424151534,3597706184,208108,227930550,0,0,0
7,28,udp_srv,1683307569,1683309496,95.39.243.75,64408,144.195.22.61,8801,15,16780290,3840,92486400,81585,20016716,0,0,81585
7,29,udp_srv,1683307569,1683309496,144.195.22.61,8801,95.39.243.75,64408,15,16778242,26222400,118692480,33733,5812225,0,0,33733
8,30,udp_srv,1683308601,1683310201,206.247.63.201,8801,95.39.243.101,58288,16,16778241,1949260410,2093260770,178206,192779972,0,0,0
8,31,udp_srv,1683308603,1683310201,95.39.243.101,58288,206.247.63.201,8801,16,16780289,3394054696,3537928426,153004,131833026,0,0,0
8,32,udp_srv,1683308604,1683310201,206.247.63.201,8801,95.39.243.101,58002,15,16778242,27161760,103830240,53944,12356345,0,0,53944
8,33,udp_srv,1683308608,1683310201,95.39.243.101,58002,206.247.63.201,8801,15,16780290,96000,76592640,31177,5497571,0,0,31177
9,34,udp_srv,1683309580,1683311410,206.247.72.61,8801,95.39.222.159,62894,15,16779266,3360,87807840,36331,9509492,0,0,36331
9,34,udp_srv,1683309580,1683311410,95.39.223.187,51000,206.247.72.61,8801,15,16779266,2400,87816480,36342,6874837,0,0,36342
9,35,udp_srv,1683309582,1683311410,206.247.72.61,8801,95.39.223.187,51000,15,16778242,220320,87972960,35257,9256830,0,0,35257
9,35,udp_srv,1683309582,1683311410,95.39.222.159,62894,206.247.72.61,8801,15,16778242,219360,87984480,35266,6782491,0,0,35266
9,36,udp_srv,1683309620,1683311410,95.39.222.159,52203,206.247.72.61,8801,16,16778241,94063758,255176988,178463,183897610,0,0,0
9,36,udp_srv,1683309620,1683311410,206.247.72.61,8801,95.39.223.187,62079,16,16778241,94063758,255158718,82246,84799648,0,0,0
9,37,udp_srv,1683309655,1683311410,95.39.223.187,62079,206.247.72.61,8801,16,16779265,2236915408,2394835168,150431,153427108,0,0,0
9,37,udp_srv,1683309655,1683311410,206.247.72.61,8801,95.39.222.159,52203,16,16779265,2236915408,2394817168,71792,71698919,0,0,0
9,69,udp_srv,1683310080,1683311410,206.247.72.61,8801,95.39.223.187,51000,15,16780290,12640,63826720,38789,9707851,0,0,38789
9,69,udp_srv,1683310080,1683311410,206.247.72.61,8801,95.39.222.159,62894,15,16780290,2080,63831520,37624,9509000,0,0,37624
9,70,udp_srv,1683310086,1683311410,206.247.72.61,8801,95.39.223.187,62079,16,16780289,3124231176,3243329256,100713,105808745,0,0,0
9,70,udp_srv,1683310086,1683311410,206.247.72.61,8801,95.39.222.159,52203,16,16780289,3124231176,3243342216,99610,105377248,0,0,0
10,38,udp_srv,1683309664,1683310838,95.39.221.80,58958,206.247.55.150,8801,15,16778242,572640,38120960,32370,7427167,25795,6573,2
10,40,udp_srv,1683309666,1683310838,206.247.55.150,8801,95.39.221.80,58194,16,16779265,1497706998,1603183758,160103,184301638,0,0,0
10,41,udp_srv,1683309666,1683310838,95.39.221.80,58194,206.247.55.150,8801,16,16778241,2828382528,2933868468,203767,237393450,0,0,0
10,42,udp_srv,1683309668,1683310838,206.247.55.150,8801,95.39.221.80,58958,15,16779266,1920,37425920,39963,9616202,35264,4699,0
11,43,udp_srv,1683309670,1683311320,206.247.21.153,8801,95.39.201.172,55729,15,16778242,25599840,104804640,55013,12363505,0,0,55013
11,44,udp_srv,1683309670,1683311320,206.247.21.153,8801,95.39.201.172,55727,16,16778241,1096108252,1244580982,183414,208368100,0,0,0
11,45,udp_srv,1683309676,1683311320,95.39.201.172,55727,206.247.21.153,8801,16,16780289,3516778586,3664806446,115227,108922528,0,0,0
11,46,udp_srv,1683309676,1683311320,95.39.201.172,55729,206.247.21.153,8801,15,16780290,288000,79201920,40708,8097825,0,0,40708
12,47,udp_srv,1683309680,1683311639,144.195.171.202,8801,95.39.223.146,65156,16,16778241,349498688,525826418,20320,19450111,0,0,0
12,49,udp_srv,1683309689,1683311611,144.195.171.202,8801,95.39.223.146,65158,15,16788482,4158896,65335856,52496,16165495,52496,0,0
12,48,udp_srv,1683309689,1683311639,144.195.171.202,8801,95.39.223.146,65158,15,16778242,5645120,68044480,13299,4139994,10996,2303,0
12,50,udp_srv,1683309690,1683309691,95.39.223.146,65158,144.195.171.202,8801,15,16792578,640,44800,33,4819,22,11,0
12,51,udp_srv,1683309718,1683310839,144.195.171.202,8801,95.39.223.146,65158,15,16779266,6472320,42343040,3195,1037487,125,3070,0
12,52,udp_srv,1683309773,1683311615,144.195.171.202,8801,95.39.223.146,65156,16,16790529,3555059644,3720844144,5389,4479382,0,0,0
12,53,udp_srv,1683309813,1683311615,144.195.171.202,8801,95.39.223.146,65158,15,16789506,7794560,65448320,5956,1919774,2683,3273,0
12,54,udp_srv,1683309820,1683311615,144.195.171.202,8801,95.39.223.146,65156,16,16789505,1462105194,1623647814,963,658027,0,0,0
12,64,udp_srv,1683309911,1683311616,144.195.171.202,8801,95.39.223.146,65158,15,16790530,10493760,65046720,25176,7883797,23898,1278,0
12,66,udp_srv,1683309918,1683311566,144.195.171.202,8801,95.39.223.146,51062,13,16790531,4066840888,4215196798,14793,13108009,0,0,0
12,100,udp_srv,1683311361,1683311372,144.195.171.202,8801,95.39.223.146,65158,15,16794626,52394880,52728320,348,90432,348,0,0
13,56,udp_srv,1683309852,1683311454,95.39.223.241,54828,206.247.44.55,8801,15,16782338,2880,76895040,27460,4830143,0,0,27460
13,55,udp_srv,1683309852,1683311453,206.247.44.55,8801,95.39.223.241,54828,15,16778242,2467200,79349280,58784,15063236,0,0,58784
13,57,udp_srv,1683309853,1683311451,206.247.44.55,8801,95.39.223.241,54828,15,16781314,224160,76960800,12238,2462007,0,0,12238
13,58,udp_srv,1683309854,1683311453,206.247.44.55,8801,95.39.223.241,65304,16,16778241,818,4294957044,37576,31898742,0,0,0
13,59,udp_srv,1683309855,1683311452,206.247.44.55,8801,95.39.223.241,65304,16,16781313,3386545864,3530298544,57841,35175988,0,0,0
13,60,udp_srv,1683309856,1683311454,95.39.223.241,65304,206.247.44.55,8801,16,16782337,282471436,426260386,193846,170160163,0,0,0
13,95,udp_srv,1683310768,1683311453,206.247.44.55,8801,95.39.223.241,65314,13,16778243,1410820824,1472439594,8975,7190985,0,0,0
14,61,udp_srv,1683309909,1683310568,95.39.221.85,50610,198.251.238.136,8801,15,16778242,12166800,43836240,17944,3757322,0,0,17944
14,62,udp_srv,1683309910,1683310569,95.39.221.85,50817,198.251.238.136,8801,16,16778241,2691691216,2751000226,45053,44436451,0,0,0
14,63,udp_srv,1683309911,1683310568,198.251.238.136,8801,95.39.221.85,50610,15,16779266,1920,31569600,11671,2353562,0,0,11671
14,65,udp_srv,1683309913,1683310569,198.251.238.136,8801,95.39.221.85,50817,16,16779265,3488735718,3547652688,26417,23356197,0,0,0
14,67,udp_srv,1683309957,1683310301,198.251.238.136,8801,95.39.221.85,50817,16,16780289,572867010,603762210,18703,18530517,0,0,0
14,68,udp_srv,1683309970,1683310301,198.251.238.136,8801,95.39.221.85,50610,15,16780290,269280,16137120,6883,1496190,0,0,6883
14,71,udp_srv,1683310237,1683310568,95.39.221.85,60415,198.251.238.136,8801,13,16778243,4002488530,4032333520,9590,2920300,0,0,0
14,72,udp_srv,1683310259,1683310569,198.251.238.136,8801,95.39.221.85,50817,16,16781315,3681658022,3709388552,9367,6364620,0,0,0
14,73,udp_srv,1683310284,1683310568,198.251.238.136,8801,95.39.221.85,50610,15,16781314,519360,14154240,1982,222233,0,0,1982
14,74,udp_srv,1683310287,1683310434,198.251.238.136,8801,95.39.221.85,50817,16,16782339,3669805180,3683013580,5491,3320411,0,0,0
14,78,udp_srv,1683310384,1683310434,198.251.238.136,8801,95.39.221.85,50610,15,16782338,3804960,6180000,553,94372,0,0,553
14,79,udp_srv,1683310437,1683310569,198.251.238.136,8801,95.39.221.85,50817,16,16783363,2972545300,2984279590,4655,2811815,0,0,0
14,81,udp_srv,1683310576,1683310664,198.251.238.136,8801,95.39.221.85,53900,15,16781314,14495040,18750720,1170,262341,0,0,1170
14,82,udp_srv,1683310576,1683310657,198.251.238.136,8801,95.39.221.85,52892,16,16779265,3548371158,3555716598,3096,3252374,0,0,0
14,80,udp_srv,1683310576,1683310664,198.251.238.136,8801,95.39.221.85,53900,15,16779266,31915200,36172800,1922,442354,0,0,1922
14,84,udp_srv,1683310576,1683310660,198.251.238.136,8801,95.39.221.85,52892,16,16783363,2985029470,2992587400,647,578849,0,0,0
14,83,udp_srv,1683310576,1683310661,198.251.238.136,8801,95.39.221.85,52892,16,16781315,3710136092,3717807782,537,482676,0,0,0
14,85,udp_srv,1683310577,1683310615,95.39.221.85,52892,198.251.238.136,8801,16,16784385,3903821344,3907206874,1776,1542436,0,0,0
14,86,udp_srv,1683310579,1683310621,95.39.221.85,53900,198.251.238.136,8801,15,16784386,150000,1912560,724,149882,0,0,724
14,87,udp_srv,1683310619,1683310664,198.251.238.136,8801,95.39.221.85,53900,15,16783362,4292640,6427680,2190,536488,0,0,2190
14,88,udp_srv,1683310651,1683313200,198.251.238.136,8801,95.39.221.85,59577,16,16783363,2991827980,3221225380,109488,84415948,0,0,0
14,91,udp_srv,1683310653,1683313200,95.39.221.85,59577,198.251.238.136,8801,16,16785409,3164197490,3393433070,253456,267498886,0,0,0
14,90,udp_srv,1683310653,1683313200,198.251.238.136,8801,95.39.221.85,59577,16,16781315,3717054212,3946350092,48895,45299472,0,0,0
14,89,udp_srv,1683310653,1683313200,198.251.238.136,8801,95.39.221.85,59577,16,16779265,3555305838,3784593528,61644,57138511,0,0,0
14,87,udp_srv,1683310655,1683313200,198.251.238.136,8801,95.39.221.85,51250,15,16783362,5982240,128184480,46047,9933591,0,0,46047
14,93,udp_srv,1683310655,1683312012,198.251.238.136,8801,95.39.221.85,51250,15,16781314,18284160,83434560,1675,349812,0,0,1675
14,92,udp_srv,1683310655,1683313200,198.251.238.136,8801,95.39.221.85,51250,15,16779266,35700480,157901760,42454,9287175,0,0,42454
14,94,udp_srv,1683310656,1683313200,95.39.221.85,51250,198.251.238.136,8801,15,16785410,36240,122168400,67739,13957347,0,0,67739
14,94,udp_srv,1683310659,1683310661,198.251.238.136,8801,95.39.221.85,53900,15,16785410,202320,284880,66,13834,0,0,66
14,99,udp_srv,1683311277,1683313200,95.39.221.85,59376,198.251.238.136,8801,13,16785411,621898436,3465402298,57675,21449902,0,0,0
15,76,udp_srv,1683310299,1683311402,198.251.237.195,8801,95.39.201.236,47630,13,16944131,2739893884,2840071354,8436,8420975,0,0,0
15,75,udp_srv,1683310299,1683311386,198.251.237.195,8801,95.39.201.236,47646,15,16944130,105003360,157153440,54170,17884332,0,0,54170
15,77,udp_srv,1683310300,1683311389,198.251.237.195,8801,95.39.201.236,40608,16,16944129,3010571458,3108610618,11215,10077919,0,0,0
15,101,udp_srv,1683311387,1683313200,198.251.237.195,8801,95.39.201.236,47646,15,16965634,55142720,113160640,7501,1998168,7406,95,0
15,102,udp_srv,1683311389,1683311496,198.251.237.195,8801,95.39.201.236,47646,15,16778242,499083520,502507520,753,162518,97,656,0
15,103,udp_srv,1683311389,1683313200,198.251.237.195,8801,95.39.201.236,40608,16,16965633,2376550802,2539562942,15371,15923465,0,0,0
15,104,udp_srv,1683311418,1683313200,198.251.237.195,8801,95.39.201.236,47646,15,16943105,6186304,63106400,79217,20540198,76661,2556,0
15,105,udp_srv,1683311419,1683312378,198.251.237.195,8801,95.39.201.236,40608,16,16943106,286299450,372685950,21506,18409939,0,0,0
15,109,udp_srv,1683311448,1683313037,198.251.237.195,8801,95.39.201.236,47630,13,16943107,1746442798,1889527318,386,384376,0,0,0
16,96,udp_srv,1683310979,1683313200,206.247.10.156,8801,95.39.221.247,49351,15,16779266,3840,106612800,61288,14872047,0,0,61288
16,97,udp_srv,1683311138,1683313200,206.247.10.156,8801,95.39.221.247,49351,15,16780290,4800,99019200,19395,3676533,0,0,19395
16,98,udp_srv,1683311148,1683313200,95.39.221.247,49351,206.247.10.156,8801,15,16778242,12638880,111160800,29009,4290790,0,0,29009
16,110,udp_srv,1683311620,1683311661,206.247.10.156,8801,95.39.221.247,56006,13,16780291,515688004,519378004,685,581611,0,0,0
17,108,udp_srv,1683311436,1683313200,144.195.179.150,8801,95.39.221.108,64485,15,16779266,801120,84954960,39010,9486142,0,0,39010
17,107,udp_srv,1683311436,1683313157,144.195.179.150,8801,95.39.221.108,64485,15,16778242,3189120,85817280,22642,5648269,0,0,22642
17,106,udp_srv,1683311436,1683313200,95.39.221.108,64485,144.195.179.150,8801,15,16780290,960,84704640,32908,6778101,0,0,32908
17,111,udp_srv,1683311917,1683313200,144.195.179.150,8801,95.39.221.108,64485,15,16781314,3840,61587360,9437,2187367,0,0,9437
